Measure;Time;val
Number of new inpatient episodes in secondary care;Week 01/2020;1
Number of new inpatient episodes in primary care;Week 01/2020;0
Number of inpatients in secondary care (median);Week 01/2020;3
Number of inpatients in primary care (median);Week 01/2020;0
Number of new inpatient episodes in secondary care;Week 02/2020;0
Number of new inpatient episodes in primary care;Week 02/2020;0
Number of inpatients in secondary care (median);Week 02/2020;3
Number of inpatients in primary care (median);Week 02/2020;0
Number of new inpatient episodes in secondary care;Week 03/2020;0
Number of new inpatient episodes in primary care;Week 03/2020;0
Number of inpatients in secondary care (median);Week 03/2020;3
Number of inpatients in primary care (median);Week 03/2020;0
Number of new inpatient episodes in secondary care;Week 04/2020;0
Number of new inpatient episodes in primary care;Week 04/2020;0
Number of inpatients in secondary care (median);Week 04/2020;3
Number of inpatients in primary care (median);Week 04/2020;0
Number of new inpatient episodes in secondary care;Week 05/2020;0
Number of new inpatient episodes in primary care;Week 05/2020;0
Number of inpatients in secondary care (median);Week 05/2020;3
Number of inpatients in primary care (median);Week 05/2020;0
Number of new inpatient episodes in secondary care;Week 06/2020;0
Number of new inpatient episodes in primary care;Week 06/2020;0
Number of inpatients in secondary care (median);Week 06/2020;3
Number of inpatients in primary care (median);Week 06/2020;0
Number of new inpatient episodes in secondary care;Week 07/2020;0
Number of new inpatient episodes in primary care;Week 07/2020;0
Number of inpatients in secondary care (median);Week 07/2020;3
Number of inpatients in primary care (median);Week 07/2020;0
Number of new inpatient episodes in secondary care;Week 08/2020;5
Number of new inpatient episodes in primary care;Week 08/2020;0
Number of inpatients in secondary care (median);Week 08/2020;6
Number of inpatients in primary care (median);Week 08/2020;0
Number of new inpatient episodes in secondary care;Week 09/2020;7
Number of new inpatient episodes in primary care;Week 09/2020;0
Number of inpatients in secondary care (median);Week 09/2020;8
Number of inpatients in primary care (median);Week 09/2020;0
Number of new inpatient episodes in secondary care;Week 10/2020;18
Number of new inpatient episodes in primary care;Week 10/2020;2
Number of inpatients in secondary care (median);Week 10/2020;15
Number of inpatients in primary care (median);Week 10/2020;0
Number of new inpatient episodes in secondary care;Week 11/2020;68
Number of new inpatient episodes in primary care;Week 11/2020;6
Number of inpatients in secondary care (median);Week 11/2020;43
Number of inpatients in primary care (median);Week 11/2020;2
Number of new inpatient episodes in secondary care;Week 12/2020;145
Number of new inpatient episodes in primary care;Week 12/2020;20
Number of inpatients in secondary care (median);Week 12/2020;142
Number of inpatients in primary care (median);Week 12/2020;10
Number of new inpatient episodes in secondary care;Week 13/2020;164
Number of new inpatient episodes in primary care;Week 13/2020;35
Number of inpatients in secondary care (median);Week 13/2020;194
Number of inpatients in primary care (median);Week 13/2020;36
Number of new inpatient episodes in secondary care;Week 14/2020;108
Number of new inpatient episodes in primary care;Week 14/2020;28
Number of inpatients in secondary care (median);Week 14/2020;203
Number of inpatients in primary care (median);Week 14/2020;46
Number of new inpatient episodes in secondary care;Week 15/2020;77
Number of new inpatient episodes in primary care;Week 15/2020;25
Number of inpatients in secondary care (median);Week 15/2020;167
Number of inpatients in primary care (median);Week 15/2020;50
Number of new inpatient episodes in secondary care;Week 16/2020;53
Number of new inpatient episodes in primary care;Week 16/2020;12
Number of inpatients in secondary care (median);Week 16/2020;146
Number of inpatients in primary care (median);Week 16/2020;39
Number of new inpatient episodes in secondary care;Week 17/2020;48
Number of new inpatient episodes in primary care;Week 17/2020;7
Number of inpatients in secondary care (median);Week 17/2020;120
Number of inpatients in primary care (median);Week 17/2020;30
Number of new inpatient episodes in secondary care;Week 18/2020;38
Number of new inpatient episodes in primary care;Week 18/2020;15
Number of inpatients in secondary care (median);Week 18/2020;93
Number of inpatients in primary care (median);Week 18/2020;29
Number of new inpatient episodes in secondary care;Week 19/2020;19
Number of new inpatient episodes in primary care;Week 19/2020;10
Number of inpatients in secondary care (median);Week 19/2020;69
Number of inpatients in primary care (median);Week 19/2020;28
Number of new inpatient episodes in secondary care;Week 20/2020;16
Number of new inpatient episodes in primary care;Week 20/2020;3
Number of inpatients in secondary care (median);Week 20/2020;57
Number of inpatients in primary care (median);Week 20/2020;27
Number of new inpatient episodes in secondary care;Week 21/2020;6
Number of new inpatient episodes in primary care;Week 21/2020;2
Number of inpatients in secondary care (median);Week 21/2020;32
Number of inpatients in primary care (median);Week 21/2020;15
Number of new inpatient episodes in secondary care;Week 22/2020;4
Number of new inpatient episodes in primary care;Week 22/2020;2
Number of inpatients in secondary care (median);Week 22/2020;21
Number of inpatients in primary care (median);Week 22/2020;12
Number of new inpatient episodes in secondary care;Week 23/2020;4
Number of new inpatient episodes in primary care;Week 23/2020;2
Number of inpatients in secondary care (median);Week 23/2020;16
Number of inpatients in primary care (median);Week 23/2020;8
Number of new inpatient episodes in secondary care;Week 24/2020;6
Number of new inpatient episodes in primary care;Week 24/2020;1
Number of inpatients in secondary care (median);Week 24/2020;13
Number of inpatients in primary care (median);Week 24/2020;4
Number of new inpatient episodes in secondary care;Week 25/2020;4
Number of new inpatient episodes in primary care;Week 25/2020;1
Number of inpatients in secondary care (median);Week 25/2020;13
Number of inpatients in primary care (median);Week 25/2020;3
Number of new inpatient episodes in secondary care;Week 26/2020;2
Number of new inpatient episodes in primary care;Week 26/2020;1
Number of inpatients in secondary care (median);Week 26/2020;8
Number of inpatients in primary care (median);Week 26/2020;3
Number of new inpatient episodes in secondary care;Week 27/2020;3
Number of new inpatient episodes in primary care;Week 27/2020;0
Number of inpatients in secondary care (median);Week 27/2020;10
Number of inpatients in primary care (median);Week 27/2020;2
Number of new inpatient episodes in secondary care;Week 28/2020;1
Number of new inpatient episodes in primary care;Week 28/2020;1
Number of inpatients in secondary care (median);Week 28/2020;7
Number of inpatients in primary care (median);Week 28/2020;1
Number of new inpatient episodes in secondary care;Week 29/2020;2
Number of new inpatient episodes in primary care;Week 29/2020;0
Number of inpatients in secondary care (median);Week 29/2020;7
Number of inpatients in primary care (median);Week 29/2020;1
Number of new inpatient episodes in secondary care;Week 30/2020;5
Number of new inpatient episodes in primary care;Week 30/2020;1
Number of inpatients in secondary care (median);Week 30/2020;7
Number of inpatients in primary care (median);Week 30/2020;1
Number of new inpatient episodes in secondary care;Week 31/2020;8
Number of new inpatient episodes in primary care;Week 31/2020;0
Number of inpatients in secondary care (median);Week 31/2020;9
Number of inpatients in primary care (median);Week 31/2020;0
Number of new inpatient episodes in secondary care;Week 32/2020;3
Number of new inpatient episodes in primary care;Week 32/2020;1
Number of inpatients in secondary care (median);Week 32/2020;10
Number of inpatients in primary care (median);Week 32/2020;0
Number of new inpatient episodes in secondary care;Week 33/2020;5
Number of new inpatient episodes in primary care;Week 33/2020;0
Number of inpatients in secondary care (median);Week 33/2020;10
Number of inpatients in primary care (median);Week 33/2020;1
Number of new inpatient episodes in secondary care;Week 34/2020;9
Number of new inpatient episodes in primary care;Week 34/2020;0
Number of inpatients in secondary care (median);Week 34/2020;12
Number of inpatients in primary care (median);Week 34/2020;0
Number of new inpatient episodes in secondary care;Week 35/2020;3
Number of new inpatient episodes in primary care;Week 35/2020;2
Number of inpatients in secondary care (median);Week 35/2020;8
Number of inpatients in primary care (median);Week 35/2020;2
Number of new inpatient episodes in secondary care;Week 36/2020;11
Number of new inpatient episodes in primary care;Week 36/2020;5
Number of inpatients in secondary care (median);Week 36/2020;12
Number of inpatients in primary care (median);Week 36/2020;5
Number of new inpatient episodes in secondary care;Week 37/2020;10
Number of new inpatient episodes in primary care;Week 37/2020;2
Number of inpatients in secondary care (median);Week 37/2020;16
Number of inpatients in primary care (median);Week 37/2020;7
Number of new inpatient episodes in secondary care;Week 38/2020;17
Number of new inpatient episodes in primary care;Week 38/2020;2
Number of inpatients in secondary care (median);Week 38/2020;21
Number of inpatients in primary care (median);Week 38/2020;6
Number of new inpatient episodes in secondary care;Week 39/2020;25
Number of new inpatient episodes in primary care;Week 39/2020;5
Number of inpatients in secondary care (median);Week 39/2020;22
Number of inpatients in primary care (median);Week 39/2020;8
Number of new inpatient episodes in secondary care;Week 40/2020;45
Number of new inpatient episodes in primary care;Week 40/2020;1
Number of inpatients in secondary care (median);Week 40/2020;46
Number of inpatients in primary care (median);Week 40/2020;7
Number of new inpatient episodes in secondary care;Week 41/2020;33
Number of new inpatient episodes in primary care;Week 41/2020;2
Number of inpatients in secondary care (median);Week 41/2020;61
Number of inpatients in primary care (median);Week 41/2020;7
Number of new inpatient episodes in secondary care;Week 42/2020;45
Number of new inpatient episodes in primary care;Week 42/2020;9
Number of inpatients in secondary care (median);Week 42/2020;66
Number of inpatients in primary care (median);Week 42/2020;15
Number of new inpatient episodes in secondary care;Week 43/2020;42
Number of new inpatient episodes in primary care;Week 43/2020;6
Number of inpatients in secondary care (median);Week 43/2020;67
Number of inpatients in primary care (median);Week 43/2020;13
Number of new inpatient episodes in secondary care;Week 44/2020;52
Number of new inpatient episodes in primary care;Week 44/2020;7
Number of inpatients in secondary care (median);Week 44/2020;67
Number of inpatients in primary care (median);Week 44/2020;14
Number of new inpatient episodes in secondary care;Week 45/2020;44
Number of new inpatient episodes in primary care;Week 45/2020;22
Number of inpatients in secondary care (median);Week 45/2020;63
Number of inpatients in primary care (median);Week 45/2020;21
Number of new inpatient episodes in secondary care;Week 46/2020;94
Number of new inpatient episodes in primary care;Week 46/2020;25
Number of inpatients in secondary care (median);Week 46/2020;90
Number of inpatients in primary care (median);Week 46/2020;34
Number of new inpatient episodes in secondary care;Week 47/2020;105
Number of new inpatient episodes in primary care;Week 47/2020;46
Number of inpatients in secondary care (median);Week 47/2020;125
Number of inpatients in primary care (median);Week 47/2020;46
Number of new inpatient episodes in secondary care;Week 48/2020;127
Number of new inpatient episodes in primary care;Week 48/2020;21
Number of inpatients in secondary care (median);Week 48/2020;138
Number of inpatients in primary care (median);Week 48/2020;52
Number of new inpatient episodes in secondary care;Week 49/2020;114
Number of new inpatient episodes in primary care;Week 49/2020;53
Number of inpatients in secondary care (median);Week 49/2020;168
Number of inpatients in primary care (median);Week 49/2020;65
Number of new inpatient episodes in secondary care;Week 50/2020;108
Number of new inpatient episodes in primary care;Week 50/2020;31
Number of inpatients in secondary care (median);Week 50/2020;151
Number of inpatients in primary care (median);Week 50/2020;75
Number of new inpatient episodes in secondary care;Week 51/2020;71
Number of new inpatient episodes in primary care;Week 51/2020;14
Number of inpatients in secondary care (median);Week 51/2020;128
Number of inpatients in primary care (median);Week 51/2020;57
Number of new inpatient episodes in secondary care;Week 52/2020;85
Number of new inpatient episodes in primary care;Week 52/2020;29
Number of inpatients in secondary care (median);Week 52/2020;121
Number of inpatients in primary care (median);Week 52/2020;57
Number of new inpatient episodes in secondary care;Week 01/2021;67
Number of new inpatient episodes in primary care;Week 01/2021;26
Number of inpatients in secondary care (median);Week 01/2021;123
Number of inpatients in primary care (median);Week 01/2021;58
Number of new inpatient episodes in secondary care;Week 02/2021;59
Number of new inpatient episodes in primary care;Week 02/2021;19
Number of inpatients in secondary care (median);Week 02/2021;102
Number of inpatients in primary care (median);Week 02/2021;52
Number of new inpatient episodes in secondary care;Week 03/2021;54
Number of new inpatient episodes in primary care;Week 03/2021;17
Number of inpatients in secondary care (median);Week 03/2021;95
Number of inpatients in primary care (median);Week 03/2021;41
Number of new inpatient episodes in secondary care;Week 04/2021;83
Number of new inpatient episodes in primary care;Week 04/2021;13
Number of inpatients in secondary care (median);Week 04/2021;108
Number of inpatients in primary care (median);Week 04/2021;40
Number of new inpatient episodes in secondary care;Week 05/2021;73
Number of new inpatient episodes in primary care;Week 05/2021;14
Number of inpatients in secondary care (median);Week 05/2021;110
Number of inpatients in primary care (median);Week 05/2021;29
Number of new inpatient episodes in secondary care;Week 06/2021;75
Number of new inpatient episodes in primary care;Week 06/2021;27
Number of inpatients in secondary care (median);Week 06/2021;97
Number of inpatients in primary care (median);Week 06/2021;37
Number of new inpatient episodes in secondary care;Week 07/2021;93
Number of new inpatient episodes in primary care;Week 07/2021;29
Number of inpatients in secondary care (median);Week 07/2021;105
Number of inpatients in primary care (median);Week 07/2021;45
Number of new inpatient episodes in secondary care;Week 08/2021;105
Number of new inpatient episodes in primary care;Week 08/2021;31
Number of inpatients in secondary care (median);Week 08/2021;136
Number of inpatients in primary care (median);Week 08/2021;56
Number of new inpatient episodes in secondary care;Week 09/2021;131
Number of new inpatient episodes in primary care;Week 09/2021;33
Number of inpatients in secondary care (median);Week 09/2021;168
Number of inpatients in primary care (median);Week 09/2021;63
Number of new inpatient episodes in secondary care;Week 10/2021;157
Number of new inpatient episodes in primary care;Week 10/2021;40
Number of inpatients in secondary care (median);Week 10/2021;197
Number of inpatients in primary care (median);Week 10/2021;73
Number of new inpatient episodes in secondary care;Week 11/2021;169
Number of new inpatient episodes in primary care;Week 11/2021;37
Number of inpatients in secondary care (median);Week 11/2021;232
Number of inpatients in primary care (median);Week 11/2021;72
Number of new inpatient episodes in secondary care;Week 12/2021;157
Number of new inpatient episodes in primary care;Week 12/2021;45
Number of inpatients in secondary care (median);Week 12/2021;247
Number of inpatients in primary care (median);Week 12/2021;77
Number of new inpatient episodes in secondary care;Week 13/2021;124
Number of new inpatient episodes in primary care;Week 13/2021;26
Number of inpatients in secondary care (median);Week 13/2021;205
Number of inpatients in primary care (median);Week 13/2021;70
Number of new inpatient episodes in secondary care;Week 14/2021;90
Number of new inpatient episodes in primary care;Week 14/2021;19
Number of inpatients in secondary care (median);Week 14/2021;180
Number of inpatients in primary care (median);Week 14/2021;46
Number of new inpatient episodes in secondary care;Week 15/2021;78
Number of new inpatient episodes in primary care;Week 15/2021;11
Number of inpatients in secondary care (median);Week 15/2021;139
Number of inpatients in primary care (median);Week 15/2021;34
Number of new inpatient episodes in secondary care;Week 16/2021;67
Number of new inpatient episodes in primary care;Week 16/2021;15
Number of inpatients in secondary care (median);Week 16/2021;124
Number of inpatients in primary care (median);Week 16/2021;25
Number of new inpatient episodes in secondary care;Week 17/2021;60
Number of new inpatient episodes in primary care;Week 17/2021;10
Number of inpatients in secondary care (median);Week 17/2021;108
Number of inpatients in primary care (median);Week 17/2021;28
Number of new inpatient episodes in secondary care;Week 18/2021;66
Number of new inpatient episodes in primary care;Week 18/2021;13
Number of inpatients in secondary care (median);Week 18/2021;115
Number of inpatients in primary care (median);Week 18/2021;25
Number of new inpatient episodes in secondary care;Week 19/2021;52
Number of new inpatient episodes in primary care;Week 19/2021;7
Number of inpatients in secondary care (median);Week 19/2021;111
Number of inpatients in primary care (median);Week 19/2021;27
Number of new inpatient episodes in secondary care;Week 20/2021;49
Number of new inpatient episodes in primary care;Week 20/2021;7
Number of inpatients in secondary care (median);Week 20/2021;103
Number of inpatients in primary care (median);Week 20/2021;23
Number of new inpatient episodes in secondary care;Week 21/2021;32
Number of new inpatient episodes in primary care;Week 21/2021;5
Number of inpatients in secondary care (median);Week 21/2021;83
Number of inpatients in primary care (median);Week 21/2021;16
Number of new inpatient episodes in secondary care;Week 22/2021;15
Number of new inpatient episodes in primary care;Week 22/2021;4
Number of inpatients in secondary care (median);Week 22/2021;49
Number of inpatients in primary care (median);Week 22/2021;15
Number of new inpatient episodes in secondary care;Week 23/2021;22
Number of new inpatient episodes in primary care;Week 23/2021;3
Number of inpatients in secondary care (median);Week 23/2021;47
Number of inpatients in primary care (median);Week 23/2021;9
Number of new inpatient episodes in secondary care;Week 24/2021;14
Number of new inpatient episodes in primary care;Week 24/2021;3
Number of inpatients in secondary care (median);Week 24/2021;32
Number of inpatients in primary care (median);Week 24/2021;9
Number of new inpatient episodes in secondary care;Week 25/2021;17
Number of new inpatient episodes in primary care;Week 25/2021;0
Number of inpatients in secondary care (median);Week 25/2021;34
Number of inpatients in primary care (median);Week 25/2021;7
Number of new inpatient episodes in secondary care;Week 26/2021;28
Number of new inpatient episodes in primary care;Week 26/2021;5
Number of inpatients in secondary care (median);Week 26/2021;41
Number of inpatients in primary care (median);Week 26/2021;8
Number of new inpatient episodes in secondary care;Week 27/2021;28
Number of new inpatient episodes in primary care;Week 27/2021;1
Number of inpatients in secondary care (median);Week 27/2021;40
Number of inpatients in primary care (median);Week 27/2021;7
Number of new inpatient episodes in secondary care;Week 28/2021;34
Number of new inpatient episodes in primary care;Week 28/2021;2
Number of inpatients in secondary care (median);Week 28/2021;46
Number of inpatients in primary care (median);Week 28/2021;3
Number of new inpatient episodes in secondary care;Week 29/2021;40
Number of new inpatient episodes in primary care;Week 29/2021;4
Number of inpatients in secondary care (median);Week 29/2021;46
Number of inpatients in primary care (median);Week 29/2021;3
Number of new inpatient episodes in secondary care;Week 30/2021;82
Number of new inpatient episodes in primary care;Week 30/2021;11
Number of inpatients in secondary care (median);Week 30/2021;72
Number of inpatients in primary care (median);Week 30/2021;11
Number of new inpatient episodes in secondary care;Week 31/2021;74
Number of new inpatient episodes in primary care;Week 31/2021;8
Number of inpatients in secondary care (median);Week 31/2021;90
Number of inpatients in primary care (median);Week 31/2021;14
Number of new inpatient episodes in secondary care;Week 32/2021;80
Number of new inpatient episodes in primary care;Week 32/2021;8
Number of inpatients in secondary care (median);Week 32/2021;94
Number of inpatients in primary care (median);Week 32/2021;12
Number of new inpatient episodes in secondary care;Week 33/2021;59
Number of new inpatient episodes in primary care;Week 33/2021;11
Number of inpatients in secondary care (median);Week 33/2021;98
Number of inpatients in primary care (median);Week 33/2021;20
Number of new inpatient episodes in secondary care;Week 34/2021;74
Number of new inpatient episodes in primary care;Week 34/2021;8
Number of inpatients in secondary care (median);Week 34/2021;93
Number of inpatients in primary care (median);Week 34/2021;17
Number of new inpatient episodes in secondary care;Week 35/2021;65
Number of new inpatient episodes in primary care;Week 35/2021;8
Number of inpatients in secondary care (median);Week 35/2021;89
Number of inpatients in primary care (median);Week 35/2021;17
Number of new inpatient episodes in secondary care;Week 36/2021;62
Number of new inpatient episodes in primary care;Week 36/2021;13
Number of inpatients in secondary care (median);Week 36/2021;89
Number of inpatients in primary care (median);Week 36/2021;20
Number of new inpatient episodes in secondary care;Week 37/2021;58
Number of new inpatient episodes in primary care;Week 37/2021;13
Number of inpatients in secondary care (median);Week 37/2021;94
Number of inpatients in primary care (median);Week 37/2021;24
Number of new inpatient episodes in secondary care;Week 38/2021;61
Number of new inpatient episodes in primary care;Week 38/2021;21
Number of inpatients in secondary care (median);Week 38/2021;93
Number of inpatients in primary care (median);Week 38/2021;29
Number of new inpatient episodes in secondary care;Week 39/2021;104
Number of new inpatient episodes in primary care;Week 39/2021;24
Number of inpatients in secondary care (median);Week 39/2021;120
Number of inpatients in primary care (median);Week 39/2021;41
Number of new inpatient episodes in secondary care;Week 40/2021;105
Number of new inpatient episodes in primary care;Week 40/2021;25
Number of inpatients in secondary care (median);Week 40/2021;153
Number of inpatients in primary care (median);Week 40/2021;55
Number of new inpatient episodes in secondary care;Week 41/2021;116
Number of new inpatient episodes in primary care;Week 41/2021;40
Number of inpatients in secondary care (median);Week 41/2021;162
Number of inpatients in primary care (median);Week 41/2021;67
Number of new inpatient episodes in secondary care;Week 42/2021;103
Number of new inpatient episodes in primary care;Week 42/2021;32
Number of inpatients in secondary care (median);Week 42/2021;153
Number of inpatients in primary care (median);Week 42/2021;73
Number of new inpatient episodes in secondary care;Week 43/2021;95
Number of new inpatient episodes in primary care;Week 43/2021;34
Number of inpatients in secondary care (median);Week 43/2021;143
Number of inpatients in primary care (median);Week 43/2021;76
Number of new inpatient episodes in secondary care;Week 44/2021;121
Number of new inpatient episodes in primary care;Week 44/2021;43
Number of inpatients in secondary care (median);Week 44/2021;157
Number of inpatients in primary care (median);Week 44/2021;82
Number of new inpatient episodes in secondary care;Week 45/2021;149
Number of new inpatient episodes in primary care;Week 45/2021;60
Number of inpatients in secondary care (median);Week 45/2021;178
Number of inpatients in primary care (median);Week 45/2021;87
Number of new inpatient episodes in secondary care;Week 46/2021;133
Number of new inpatient episodes in primary care;Week 46/2021;68
Number of inpatients in secondary care (median);Week 46/2021;172
Number of inpatients in primary care (median);Week 46/2021;112
Number of new inpatient episodes in secondary care;Week 47/2021;122
Number of new inpatient episodes in primary care;Week 47/2021;71
Number of inpatients in secondary care (median);Week 47/2021;186
Number of inpatients in primary care (median);Week 47/2021;120
Number of new inpatient episodes in secondary care;Week 48/2021;126
Number of new inpatient episodes in primary care;Week 48/2021;54
Number of inpatients in secondary care (median);Week 48/2021;188
Number of inpatients in primary care (median);Week 48/2021;115
Number of new inpatient episodes in secondary care;Week 49/2021;133
Number of new inpatient episodes in primary care;Week 49/2021;79
Number of inpatients in secondary care (median);Week 49/2021;199
Number of inpatients in primary care (median);Week 49/2021;115
Number of new inpatient episodes in secondary care;Week 50/2021;173
Number of new inpatient episodes in primary care;Week 50/2021;51
Number of inpatients in secondary care (median);Week 50/2021;222
Number of inpatients in primary care (median);Week 50/2021;122
Number of new inpatient episodes in secondary care;Week 51/2021;138
Number of new inpatient episodes in primary care;Week 51/2021;50
Number of inpatients in secondary care (median);Week 51/2021;199
Number of inpatients in primary care (median);Week 51/2021;102
Number of new inpatient episodes in secondary care;Week 52/2021;170
Number of new inpatient episodes in primary care;Week 52/2021;127
Number of inpatients in secondary care (median);Week 52/2021;209
Number of inpatients in primary care (median);Week 52/2021;133
Number of new inpatient episodes in secondary care;Week 01/2022;232
Number of new inpatient episodes in primary care;Week 01/2022;168
Number of inpatients in secondary care (median);Week 01/2022;267
Number of inpatients in primary care (median);Week 01/2022;222
Number of new inpatient episodes in secondary care;Week 02/2022;266
Number of new inpatient episodes in primary care;Week 02/2022;169
Number of inpatients in secondary care (median);Week 02/2022;322
Number of inpatients in primary care (median);Week 02/2022;298
Number of new inpatient episodes in secondary care;Week 03/2022;221
Number of new inpatient episodes in primary care;Week 03/2022;152
Number of inpatients in secondary care (median);Week 03/2022;307
Number of inpatients in primary care (median);Week 03/2022;319
Number of new inpatient episodes in secondary care;Week 04/2022;221
Number of new inpatient episodes in primary care;Week 04/2022;155
Number of inpatients in secondary care (median);Week 04/2022;309
Number of inpatients in primary care (median);Week 04/2022;321
Number of new inpatient episodes in secondary care;Week 05/2022;242
Number of new inpatient episodes in primary care;Week 05/2022;143
Number of inpatients in secondary care (median);Week 05/2022;294
Number of inpatients in primary care (median);Week 05/2022;320
Number of new inpatient episodes in secondary care;Week 06/2022;254
Number of new inpatient episodes in primary care;Week 06/2022;166
Number of inpatients in secondary care (median);Week 06/2022;303
Number of inpatients in primary care (median);Week 06/2022;321
Number of new inpatient episodes in secondary care;Week 07/2022;233
Number of new inpatient episodes in primary care;Week 07/2022;201
Number of inpatients in secondary care (median);Week 07/2022;288
Number of inpatients in primary care (median);Week 07/2022;337
Number of new inpatient episodes in secondary care;Week 08/2022;227
Number of new inpatient episodes in primary care;Week 08/2022;192
Number of inpatients in secondary care (median);Week 08/2022;282
Number of inpatients in primary care (median);Week 08/2022;363
Number of new inpatient episodes in secondary care;Week 09/2022;249
Number of new inpatient episodes in primary care;Week 09/2022;233
Number of inpatients in secondary care (median);Week 09/2022;280
Number of inpatients in primary care (median);Week 09/2022;399
Number of new inpatient episodes in secondary care;Week 10/2022;290
Number of new inpatient episodes in primary care;Week 10/2022;291
Number of inpatients in secondary care (median);Week 10/2022;323
Number of inpatients in primary care (median);Week 10/2022;440
Number of new inpatient episodes in secondary care;Week 11/2022;276
Number of new inpatient episodes in primary care;Week 11/2022;289
Number of inpatients in secondary care (median);Week 11/2022;326
Number of inpatients in primary care (median);Week 11/2022;481
Number of new inpatient episodes in secondary care;Week 12/2022;274
Number of new inpatient episodes in primary care;Week 12/2022;324
Number of inpatients in secondary care (median);Week 12/2022;345
Number of inpatients in primary care (median);Week 12/2022;496
Number of new inpatient episodes in secondary care;Week 13/2022;241
Number of new inpatient episodes in primary care;Week 13/2022;350
Number of inpatients in secondary care (median);Week 13/2022;325
Number of inpatients in primary care (median);Week 13/2022;571
Number of new inpatient episodes in secondary care;Week 14/2022;250
Number of new inpatient episodes in primary care;Week 14/2022;343
Number of inpatients in secondary care (median);Week 14/2022;331
Number of inpatients in primary care (median);Week 14/2022;592
Number of new inpatient episodes in secondary care;Week 15/2022;164
Number of new inpatient episodes in primary care;Week 15/2022;284
Number of inpatients in secondary care (median);Week 15/2022;272
Number of inpatients in primary care (median);Week 15/2022;548
Number of new inpatient episodes in secondary care;Week 16/2022;168
Number of new inpatient episodes in primary care;Week 16/2022;240
Number of inpatients in secondary care (median);Week 16/2022;252
Number of inpatients in primary care (median);Week 16/2022;523
Number of new inpatient episodes in secondary care;Week 17/2022;145
Number of new inpatient episodes in primary care;Week 17/2022;209
Number of inpatients in secondary care (median);Week 17/2022;222
Number of inpatients in primary care (median);Week 17/2022;457
Number of new inpatient episodes in secondary care;Week 18/2022;167
Number of new inpatient episodes in primary care;Week 18/2022;192
Number of inpatients in secondary care (median);Week 18/2022;238
Number of inpatients in primary care (median);Week 18/2022;407
Number of new inpatient episodes in secondary care;Week 19/2022;130
Number of new inpatient episodes in primary care;Week 19/2022;181
Number of inpatients in secondary care (median);Week 19/2022;198
Number of inpatients in primary care (median);Week 19/2022;388
Number of new inpatient episodes in secondary care;Week 20/2022;108
Number of new inpatient episodes in primary care;Week 20/2022;116
Number of inpatients in secondary care (median);Week 20/2022;167
Number of inpatients in primary care (median);Week 20/2022;329
Number of new inpatient episodes in secondary care;Week 21/2022;97
Number of new inpatient episodes in primary care;Week 21/2022;138
Number of inpatients in secondary care (median);Week 21/2022;159
Number of inpatients in primary care (median);Week 21/2022;299
Number of new inpatient episodes in secondary care;Week 22/2022;89
Number of new inpatient episodes in primary care;Week 22/2022;122
Number of inpatients in secondary care (median);Week 22/2022;118
Number of inpatients in primary care (median);Week 22/2022;289
Number of new inpatient episodes in secondary care;Week 23/2022;87
Number of new inpatient episodes in primary care;Week 23/2022;123
Number of inpatients in secondary care (median);Week 23/2022;114
Number of inpatients in primary care (median);Week 23/2022;268
Number of new inpatient episodes in secondary care;Week 24/2022;98
Number of new inpatient episodes in primary care;Week 24/2022;118
Number of inpatients in secondary care (median);Week 24/2022;128
Number of inpatients in primary care (median);Week 24/2022;243
Number of new inpatient episodes in secondary care;Week 25/2022;140
Number of new inpatient episodes in primary care;Week 25/2022;150
Number of inpatients in secondary care (median);Week 25/2022;132
Number of inpatients in primary care (median);Week 25/2022;253
Number of new inpatient episodes in secondary care;Week 26/2022;128
Number of new inpatient episodes in primary care;Week 26/2022;154
Number of inpatients in secondary care (median);Week 26/2022;148
Number of inpatients in primary care (median);Week 26/2022;271
Number of new inpatient episodes in secondary care;Week 27/2022;130
Number of new inpatient episodes in primary care;Week 27/2022;174
Number of inpatients in secondary care (median);Week 27/2022;143
Number of inpatients in primary care (median);Week 27/2022;302
Number of new inpatient episodes in secondary care;Week 28/2022;167
Number of new inpatient episodes in primary care;Week 28/2022;188
Number of inpatients in secondary care (median);Week 28/2022;172
Number of inpatients in primary care (median);Week 28/2022;318
Number of new inpatient episodes in secondary care;Week 29/2022;179
Number of new inpatient episodes in primary care;Week 29/2022;252
Number of inpatients in secondary care (median);Week 29/2022;180
Number of inpatients in primary care (median);Week 29/2022;349
Number of new inpatient episodes in secondary care;Week 30/2022;167
Number of new inpatient episodes in primary care;Week 30/2022;248
Number of inpatients in secondary care (median);Week 30/2022;196
Number of inpatients in primary care (median);Week 30/2022;377
Number of new inpatient episodes in secondary care;Week 31/2022;160
Number of new inpatient episodes in primary care;Week 31/2022;243
Number of inpatients in secondary care (median);Week 31/2022;188
Number of inpatients in primary care (median);Week 31/2022;416
Number of new inpatient episodes in secondary care;Week 32/2022;155
Number of new inpatient episodes in primary care;Week 32/2022;215
Number of inpatients in secondary care (median);Week 32/2022;175
Number of inpatients in primary care (median);Week 32/2022;419
Number of new inpatient episodes in secondary care;Week 33/2022;123
Number of new inpatient episodes in primary care;Week 33/2022;211
Number of inpatients in secondary care (median);Week 33/2022;162
Number of inpatients in primary care (median);Week 33/2022;402
Number of new inpatient episodes in secondary care;Week 34/2022;94
Number of new inpatient episodes in primary care;Week 34/2022;117
Number of inpatients in secondary care (median);Week 34/2022;132
Number of inpatients in primary care (median);Week 34/2022;323
Number of new inpatient episodes in secondary care;Week 35/2022;82
Number of new inpatient episodes in primary care;Week 35/2022;135
Number of inpatients in secondary care (median);Week 35/2022;129
Number of inpatients in primary care (median);Week 35/2022;298
Number of new inpatient episodes in secondary care;Week 36/2022;113
Number of new inpatient episodes in primary care;Week 36/2022;176
Number of inpatients in secondary care (median);Week 36/2022;127
Number of inpatients in primary care (median);Week 36/2022;293
Number of new inpatient episodes in secondary care;Week 37/2022;131
Number of new inpatient episodes in primary care;Week 37/2022;212
Number of inpatients in secondary care (median);Week 37/2022;143
Number of inpatients in primary care (median);Week 37/2022;352
Number of new inpatient episodes in secondary care;Week 38/2022;138
Number of new inpatient episodes in primary care;Week 38/2022;229
Number of inpatients in secondary care (median);Week 38/2022;169
Number of inpatients in primary care (median);Week 38/2022;407
Number of new inpatient episodes in secondary care;Week 39/2022;152
Number of new inpatient episodes in primary care;Week 39/2022;293
Number of inpatients in secondary care (median);Week 39/2022;175
Number of inpatients in primary care (median);Week 39/2022;435
Number of new inpatient episodes in secondary care;Week 40/2022;175
Number of new inpatient episodes in primary care;Week 40/2022;372
Number of inpatients in secondary care (median);Week 40/2022;196
Number of inpatients in primary care (median);Week 40/2022;539
Number of new inpatient episodes in secondary care;Week 41/2022;194
Number of new inpatient episodes in primary care;Week 41/2022;374
Number of inpatients in secondary care (median);Week 41/2022;211
Number of inpatients in primary care (median);Week 41/2022;585
Number of new inpatient episodes in secondary care;Week 42/2022;171
Number of new inpatient episodes in primary care;Week 42/2022;390
Number of inpatients in secondary care (median);Week 42/2022;200
Number of inpatients in primary care (median);Week 42/2022;626
Number of new inpatient episodes in secondary care;Week 43/2022;190
Number of new inpatient episodes in primary care;Week 43/2022;375
Number of inpatients in secondary care (median);Week 43/2022;203
Number of inpatients in primary care (median);Week 43/2022;642
Number of new inpatient episodes in secondary care;Week 44/2022;219
Number of new inpatient episodes in primary care;Week 44/2022;408
Number of inpatients in secondary care (median);Week 44/2022;230
Number of inpatients in primary care (median);Week 44/2022;657
Number of new inpatient episodes in secondary care;Week 45/2022;215
Number of new inpatient episodes in primary care;Week 45/2022;366
Number of inpatients in secondary care (median);Week 45/2022;235
Number of inpatients in primary care (median);Week 45/2022;716
Number of new inpatient episodes in secondary care;Week 46/2022;174
Number of new inpatient episodes in primary care;Week 46/2022;369
Number of inpatients in secondary care (median);Week 46/2022;237
Number of inpatients in primary care (median);Week 46/2022;667
Number of new inpatient episodes in secondary care;Week 47/2022;195
Number of new inpatient episodes in primary care;Week 47/2022;336
Number of inpatients in secondary care (median);Week 47/2022;240
Number of inpatients in primary care (median);Week 47/2022;663
Number of new inpatient episodes in secondary care;Week 48/2022;164
Number of new inpatient episodes in primary care;Week 48/2022;308
Number of inpatients in secondary care (median);Week 48/2022;234
Number of inpatients in primary care (median);Week 48/2022;637
Number of new inpatient episodes in secondary care;Week 49/2022;169
Number of new inpatient episodes in primary care;Week 49/2022;309
Number of inpatients in secondary care (median);Week 49/2022;217
Number of inpatients in primary care (median);Week 49/2022;632
Number of new inpatient episodes in secondary care;Week 50/2022;154
Number of new inpatient episodes in primary care;Week 50/2022;305
Number of inpatients in secondary care (median);Week 50/2022;231
Number of inpatients in primary care (median);Week 50/2022;624
Number of new inpatient episodes in secondary care;Week 51/2022;125
Number of new inpatient episodes in primary care;Week 51/2022;254
Number of inpatients in secondary care (median);Week 51/2022;184
Number of inpatients in primary care (median);Week 51/2022;545
Number of new inpatient episodes in secondary care;Week 52/2022;148
Number of new inpatient episodes in primary care;Week 52/2022;231
Number of inpatients in secondary care (median);Week 52/2022;194
Number of inpatients in primary care (median);Week 52/2022;491
Number of new inpatient episodes in secondary care;Week 01/2023;103
Number of new inpatient episodes in primary care;Week 01/2023;151
Number of inpatients in secondary care (median);Week 01/2023;181
Number of inpatients in primary care (median);Week 01/2023;396
Number of new inpatient episodes in secondary care;Week 02/2023;61
Number of new inpatient episodes in primary care;Week 02/2023;86
Number of inpatients in secondary care (median);Week 02/2023;141
Number of inpatients in primary care (median);Week 02/2023;312
Number of new inpatient episodes in secondary care;Week 03/2023;50
Number of new inpatient episodes in primary care;Week 03/2023;64
Number of inpatients in secondary care (median);Week 03/2023;111
Number of inpatients in primary care (median);Week 03/2023;236
Number of new inpatient episodes in secondary care;Week 04/2023;35
Number of new inpatient episodes in primary care;Week 04/2023;47
Number of inpatients in secondary care (median);Week 04/2023;80
Number of inpatients in primary care (median);Week 04/2023;188
Number of new inpatient episodes in secondary care;Week 05/2023;37
Number of new inpatient episodes in primary care;Week 05/2023;44
Number of inpatients in secondary care (median);Week 05/2023;74
Number of inpatients in primary care (median);Week 05/2023;156
Number of new inpatient episodes in secondary care;Week 06/2023;33
Number of new inpatient episodes in primary care;Week 06/2023;45
Number of inpatients in secondary care (median);Week 06/2023;61
Number of inpatients in primary care (median);Week 06/2023;136
Number of new inpatient episodes in secondary care;Week 07/2023;40
Number of new inpatient episodes in primary care;Week 07/2023;57
Number of inpatients in secondary care (median);Week 07/2023;60
Number of inpatients in primary care (median);Week 07/2023;126
Number of new inpatient episodes in secondary care;Week 08/2023;46
Number of new inpatient episodes in primary care;Week 08/2023;56
Number of inpatients in secondary care (median);Week 08/2023;60
Number of inpatients in primary care (median);Week 08/2023;128
Number of new inpatient episodes in secondary care;Week 09/2023;62
Number of new inpatient episodes in primary care;Week 09/2023;81
Number of inpatients in secondary care (median);Week 09/2023;70
Number of inpatients in primary care (median);Week 09/2023;124
Number of new inpatient episodes in secondary care;Week 10/2023;55
Number of new inpatient episodes in primary care;Week 10/2023;79
Number of inpatients in secondary care (median);Week 10/2023;76
Number of inpatients in primary care (median);Week 10/2023;126
Number of new inpatient episodes in secondary care;Week 11/2023;79
Number of new inpatient episodes in primary care;Week 11/2023;110
Number of inpatients in secondary care (median);Week 11/2023;88
Number of inpatients in primary care (median);Week 11/2023;154
Number of new inpatient episodes in secondary care;Week 12/2023;102
Number of new inpatient episodes in primary care;Week 12/2023;121
Number of inpatients in secondary care (median);Week 12/2023;102
Number of inpatients in primary care (median);Week 12/2023;177
Number of new inpatient episodes in secondary care;Week 13/2023;122
Number of new inpatient episodes in primary care;Week 13/2023;168
Number of inpatients in secondary care (median);Week 13/2023;126
Number of inpatients in primary care (median);Week 13/2023;224
Number of new inpatient episodes in secondary care;Week 14/2023;128
Number of new inpatient episodes in primary care;Week 14/2023;174
Number of inpatients in secondary care (median);Week 14/2023;141
Number of inpatients in primary care (median);Week 14/2023;260
Number of new inpatient episodes in secondary care;Week 15/2023;163
Number of new inpatient episodes in primary care;Week 15/2023;257
Number of inpatients in secondary care (median);Week 15/2023;164
Number of inpatients in primary care (median);Week 15/2023;342
Number of new inpatient episodes in secondary care;Week 16/2023;206
Number of new inpatient episodes in primary care;Week 16/2023;257
Number of inpatients in secondary care (median);Week 16/2023;190
Number of inpatients in primary care (median);Week 16/2023;373
Number of new inpatient episodes in secondary care;Week 17/2023;167
Number of new inpatient episodes in primary care;Week 17/2023;222
Number of inpatients in secondary care (median);Week 17/2023;207
Number of inpatients in primary care (median);Week 17/2023;399
Number of new inpatient episodes in secondary care;Week 18/2023;167
Number of new inpatient episodes in primary care;Week 18/2023;229
Number of inpatients in secondary care (median);Week 18/2023;181
Number of inpatients in primary care (median);Week 18/2023;410
Number of new inpatient episodes in secondary care;Week 19/2023;161
Number of new inpatient episodes in primary care;Week 19/2023;228
Number of inpatients in secondary care (median);Week 19/2023;167
Number of inpatients in primary care (median);Week 19/2023;384
Number of new inpatient episodes in secondary care;Week 20/2023;124
Number of new inpatient episodes in primary care;Week 20/2023;169
Number of inpatients in secondary care (median);Week 20/2023;172
Number of inpatients in primary care (median);Week 20/2023;357
Number of new inpatient episodes in secondary care;Week 21/2023;80
Number of new inpatient episodes in primary care;Week 21/2023;128
Number of inpatients in secondary care (median);Week 21/2023;138
Number of inpatients in primary care (median);Week 21/2023;299
Number of new inpatient episodes in secondary care;Week 22/2023;69
Number of new inpatient episodes in primary care;Week 22/2023;81
Number of inpatients in secondary care (median);Week 22/2023;99
Number of inpatients in primary care (median);Week 22/2023;216
Number of new inpatient episodes in secondary care;Week 23/2023;84
Number of new inpatient episodes in primary care;Week 23/2023;96
Number of inpatients in secondary care (median);Week 23/2023;100
Number of inpatients in primary care (median);Week 23/2023;182
Number of new inpatient episodes in secondary care;Week 24/2023;68
Number of new inpatient episodes in primary care;Week 24/2023;89
Number of inpatients in secondary care (median);Week 24/2023;93
Number of inpatients in primary care (median);Week 24/2023;185
Number of new inpatient episodes in secondary care;Week 25/2023;47
Number of new inpatient episodes in primary care;Week 25/2023;69
Number of inpatients in secondary care (median);Week 25/2023;81
Number of inpatients in primary care (median);Week 25/2023;161
Number of new inpatient episodes in secondary care;Week 26/2023;36
Number of new inpatient episodes in primary care;Week 26/2023;42
Number of inpatients in secondary care (median);Week 26/2023;63
Number of inpatients in primary care (median);Week 26/2023;130
Number of new inpatient episodes in secondary care;Week 27/2023;29
Number of new inpatient episodes in primary care;Week 27/2023;30
Number of inpatients in secondary care (median);Week 27/2023;56
Number of inpatients in primary care (median);Week 27/2023;93
Number of new inpatient episodes in secondary care;Week 28/2023;20
Number of new inpatient episodes in primary care;Week 28/2023;29
Number of inpatients in secondary care (median);Week 28/2023;40
Number of inpatients in primary care (median);Week 28/2023;77
Number of new inpatient episodes in secondary care;Week 29/2023;18
Number of new inpatient episodes in primary care;Week 29/2023;22
Number of inpatients in secondary care (median);Week 29/2023;39
Number of inpatients in primary care (median);Week 29/2023;65
Number of new inpatient episodes in secondary care;Week 30/2023;19
Number of new inpatient episodes in primary care;Week 30/2023;29
Number of inpatients in secondary care (median);Week 30/2023;34
Number of inpatients in primary care (median);Week 30/2023;61
Number of new inpatient episodes in secondary care;Week 31/2023;27
Number of new inpatient episodes in primary care;Week 31/2023;33
Number of inpatients in secondary care (median);Week 31/2023;32
Number of inpatients in primary care (median);Week 31/2023;63
Number of new inpatient episodes in secondary care;Week 32/2023;28
Number of new inpatient episodes in primary care;Week 32/2023;27
Number of inpatients in secondary care (median);Week 32/2023;32
Number of inpatients in primary care (median);Week 32/2023;58
Number of new inpatient episodes in secondary care;Week 33/2023;33
Number of new inpatient episodes in primary care;Week 33/2023;23
Number of inpatients in secondary care (median);Week 33/2023;36
Number of inpatients in primary care (median);Week 33/2023;56
Number of new inpatient episodes in secondary care;Week 34/2023;35
Number of new inpatient episodes in primary care;Week 34/2023;37
Number of inpatients in secondary care (median);Week 34/2023;43
Number of inpatients in primary care (median);Week 34/2023;61
Number of new inpatient episodes in secondary care;Week 35/2023;36
Number of new inpatient episodes in primary care;Week 35/2023;41
Number of inpatients in secondary care (median);Week 35/2023;50
Number of inpatients in primary care (median);Week 35/2023;61
Number of new inpatient episodes in secondary care;Week 36/2023;60
Number of new inpatient episodes in primary care;Week 36/2023;60
Number of inpatients in secondary care (median);Week 36/2023;60
Number of inpatients in primary care (median);Week 36/2023;81
Number of new inpatient episodes in secondary care;Week 37/2023;64
Number of new inpatient episodes in primary care;Week 37/2023;75
Number of inpatients in secondary care (median);Week 37/2023;74
Number of inpatients in primary care (median);Week 37/2023;102
Number of new inpatient episodes in secondary care;Week 38/2023;62
Number of new inpatient episodes in primary care;Week 38/2023;89
Number of inpatients in secondary care (median);Week 38/2023;85
Number of inpatients in primary care (median);Week 38/2023;113
Number of new inpatient episodes in secondary care;Week 39/2023;70
Number of new inpatient episodes in primary care;Week 39/2023;92
Number of inpatients in secondary care (median);Week 39/2023;84
Number of inpatients in primary care (median);Week 39/2023;137
Number of new inpatient episodes in secondary care;Week 40/2023;83
Number of new inpatient episodes in primary care;Week 40/2023;126
Number of inpatients in secondary care (median);Week 40/2023;92
Number of inpatients in primary care (median);Week 40/2023;168
Number of new inpatient episodes in secondary care;Week 41/2023;144
Number of new inpatient episodes in primary care;Week 41/2023;164
Number of inpatients in secondary care (median);Week 41/2023;119
Number of inpatients in primary care (median);Week 41/2023;227
Number of new inpatient episodes in secondary care;Week 42/2023;170
Number of new inpatient episodes in primary care;Week 42/2023;213
Number of inpatients in secondary care (median);Week 42/2023;143
Number of inpatients in primary care (median);Week 42/2023;279
Number of new inpatient episodes in secondary care;Week 43/2023;285
Number of new inpatient episodes in primary care;Week 43/2023;338
Number of inpatients in secondary care (median);Week 43/2023;212
Number of inpatients in primary care (median);Week 43/2023;411
Number of new inpatient episodes in secondary care;Week 44/2023;371
Number of new inpatient episodes in primary care;Week 44/2023;468
Number of inpatients in secondary care (median);Week 44/2023;317
Number of inpatients in primary care (median);Week 44/2023;559
Number of new inpatient episodes in secondary care;Week 45/2023;425
Number of new inpatient episodes in primary care;Week 45/2023;534
Number of inpatients in secondary care (median);Week 45/2023;376
Number of inpatients in primary care (median);Week 45/2023;743
Number of new inpatient episodes in secondary care;Week 46/2023;412
Number of new inpatient episodes in primary care;Week 46/2023;479
Number of inpatients in secondary care (median);Week 46/2023;426
Number of inpatients in primary care (median);Week 46/2023;783
Number of new inpatient episodes in secondary care;Week 47/2023;320
Number of new inpatient episodes in primary care;Week 47/2023;421
Number of inpatients in secondary care (median);Week 47/2023;393
Number of inpatients in primary care (median);Week 47/2023;749
Number of new inpatient episodes in secondary care;Week 48/2023;235
Number of new inpatient episodes in primary care;Week 48/2023;318
Number of inpatients in secondary care (median);Week 48/2023;308
Number of inpatients in primary care (median);Week 48/2023;654
Number of new inpatient episodes in secondary care;Week 49/2023;219
Number of new inpatient episodes in primary care;Week 49/2023;232
Number of inpatients in secondary care (median);Week 49/2023;244
Number of inpatients in primary care (median);Week 49/2023;536
Number of new inpatient episodes in secondary care;Week 50/2023;174
Number of new inpatient episodes in primary care;Week 50/2023;211
Number of inpatients in secondary care (median);Week 50/2023;222
Number of inpatients in primary care (median);Week 50/2023;465
Number of new inpatient episodes in secondary care;Week 51/2023;152
Number of new inpatient episodes in primary care;Week 51/2023;164
Number of inpatients in secondary care (median);Week 51/2023;174
Number of inpatients in primary care (median);Week 51/2023;353
Number of new inpatient episodes in secondary care;Week 52/2023;122
Number of new inpatient episodes in primary care;Week 52/2023;129
Number of inpatients in secondary care (median);Week 52/2023;141
Number of inpatients in primary care (median);Week 52/2023;312
Number of new inpatient episodes in secondary care;Week 01/2024;56
Number of new inpatient episodes in primary care;Week 01/2024;69
Number of inpatients in secondary care (median);Week 01/2024;80
Number of inpatients in primary care (median);Week 01/2024;215
Number of new inpatient episodes in secondary care;Week 02/2024;31
Number of new inpatient episodes in primary care;Week 02/2024;56
Number of inpatients in secondary care (median);Week 02/2024;54
Number of inpatients in primary care (median);Week 02/2024;162
Number of new inpatient episodes in secondary care;Week 03/2024;27
Number of new inpatient episodes in primary care;Week 03/2024;27
Number of inpatients in secondary care (median);Week 03/2024;36
Number of inpatients in primary care (median);Week 03/2024;116
Number of new inpatient episodes in secondary care;Week 04/2024;14
Number of new inpatient episodes in primary care;Week 04/2024;25
Number of inpatients in secondary care (median);Week 04/2024;24
Number of inpatients in primary care (median);Week 04/2024;79
Number of new inpatient episodes in secondary care;Week 05/2024;19
Number of new inpatient episodes in primary care;Week 05/2024;22
Number of inpatients in secondary care (median);Week 05/2024;21
Number of inpatients in primary care (median);Week 05/2024;56
Number of new inpatient episodes in secondary care;Week 06/2024;4
Number of new inpatient episodes in primary care;Week 06/2024;13
Number of inpatients in secondary care (median);Week 06/2024;13
Number of inpatients in primary care (median);Week 06/2024;35
Number of new inpatient episodes in secondary care;Week 07/2024;9
Number of new inpatient episodes in primary care;Week 07/2024;11
Number of inpatients in secondary care (median);Week 07/2024;7
Number of inpatients in primary care (median);Week 07/2024;25
